"id","name","description"
"224","Week-by-week","child week 5 "
"225","Week-by-week","child week 6 "
"226","Week-by-week","child week 7 "
"227","Week-by-week","child week 8 "
"228","Week-by-week","child week 9 "
"229","Week-by-week","child week 10 "
"230","Week-by-week","child week 11 "
"231","Week-by-week","child week 12 "
"232","Week-by-week","child week 13 "
"233","Week-by-week","child week 14 "
"234","Week-by-week","child week 15 "
"235","Week-by-week","child week 16 "
"236","Week-by-week","child week 17 "
"237","Week-by-week","child week 18 "
"238","Week-by-week","child week 19 "
"239","Week-by-week","child week 20 "
"240","Week-by-week","child week 21 "
"241","Week-by-week","child week 22 "
"242","Week-by-week","child week 23 "
"243","Week-by-week","child week 24 "
"244","Week-by-week","child week 25 "
"245","Week-by-week","child week 26 "
"246","Week-by-week","child week 27 "
"247","Week-by-week","child week 28 "
"248","Week-by-week","child week 29 "
"249","Week-by-week","child week 30 "
"250","Week-by-week","child week 31 "
"251","Week-by-week","child week 32 "
"252","Week-by-week","child week 33 "
"253","Week-by-week","child week 34 "
"254","Week-by-week","child week 35 "
"255","Week-by-week","child week 36 "
"256","Week-by-week","child week 37 "
"257","Week-by-week","child week 38 "
"258","Week-by-week","child week 39 "
"259","Week-by-week","child week 40 "
"260","Week-by-week","child week 41 "
"261","Week-by-week","child week 42 "
"262","Week-by-week","child week 43 "
"263","Week-by-week","child week 44 "
"264","Week-by-week","child week 45 "
"265","Week-by-week","child week 46 "
"266","Week-by-week","child week 47 "
"267","Week-by-week","child week 48 "
"268","Week-by-week","child week 49 "
"269","Week-by-week","child week 50 "
"270","Week-by-week","child week 51 "
"271","Week-by-week","child week 52 "
"272","Week-by-week","child week 53 "
"273","Week-by-week","child week 54 "